"DateTime","antpool","f2pool","foundryusapool","poolin","viabtc","btccom","binance","slushpool","huobi.pool","bitclub network","bitfury","bixin","btc.top","btcc pool","1thash&58coin","bw.com","others","unknown"
"2008-12-29 00:00:00",,,,,,,,,,,,,,,,,,1
"2009-01-05 00:00:00",,,,,,,,,,,,,,,,,,168
"2009-01-12 00:00:00",,,,,,,,,,,,,,,,,,796
"2009-01-19 00:00:00",,,,,,,,,,,,,,,,,,898
"2009-01-26 00:00:00",,,,,,,,,,,,,,,,,,794
"2009-02-02 00:00:00",,,,,,,,,,,,,,,,,,895
"2009-02-09 00:00:00",,,,,,,,,,,,,,,,,,894
"2009-02-16 00:00:00",,,,,,,,,,,,,,,,,,838
"2009-02-23 00:00:00",,,,,,,,,,,,,,,,,,745
"2009-03-02 00:00:00",,,,,,,,,,,,,,,,,,770
"2009-03-09 00:00:00",,,,,,,,,,,,,,,,,,793
"2009-03-16 00:00:00",,,,,,,,,,,,,,,,,,758
"2009-03-23 00:00:00",,,,,,,,,,,,,,,,,,810
"2009-03-30 00:00:00",,,,,,,,,,,,,,,,,,818
"2009-04-06 00:00:00",,,,,,,,,,,,,,,,,,759
"2009-04-13 00:00:00",,,,,,,,,,,,,,,,,,832
"2009-04-20 00:00:00",,,,,,,,,,,,,,,,,,783
"2009-04-27 00:00:00",,,,,,,,,,,,,,,,,,833
"2009-05-04 00:00:00",,,,,,,,,,,,,,,,,,790
"2009-05-11 00:00:00",,,,,,,,,,,,,,,,,,882
"2009-05-18 00:00:00",,,,,,,,,,,,,,,,,,599
"2009-05-25 00:00:00",,,,,,,,,,,,,,,,,,759
"2009-06-01 00:00:00",,,,,,,,,,,,,,,,,,393
"2009-06-08 00:00:00",,,,,,,,,,,,,,,,,,580
"2009-06-15 00:00:00",,,,,,,,,,,,,,,,,,560
"2009-06-22 00:00:00",,,,,,,,,,,,,,,,,,535
"2009-06-29 00:00:00",,,,,,,,,,,,,,,,,,575
"2009-07-06 00:00:00",,,,,,,,,,,,,,,,,,554
"2009-07-13 00:00:00",,,,,,,,,,,,,,,,,,384
"2009-07-20 00:00:00",,,,,,,,,,,,,,,,,,414
"2009-07-27 00:00:00",,,,,,,,,,,,,,,,,,217
"2009-08-03 00:00:00",,,,,,,,,,,,,,,,,,531
"2009-08-10 00:00:00",,,,,,,,,,,,,,,,,,401
"2009-08-17 00:00:00",,,,,,,,,,,,,,,,,,103
"2009-08-24 00:00:00",,,,,,,,,,,,,,,,,,392
"2009-08-31 00:00:00",,,,,,,,,,,,,,,,,,499
"2009-09-07 00:00:00",,,,,,,,,,,,,,,,,,479
"2009-09-14 00:00:00",,,,,,,,,,,,,,,,,,504
"2009-09-21 00:00:00",,,,,,,,,,,,,,,,,,505
"2009-09-28 00:00:00",,,,,,,,,,,,,,,,,,523
"2009-10-05 00:00:00",,,,,,,,,,,,,,,,,,458
"2009-10-12 00:00:00",,,,,,,,,,,,,,,,,,446
"2009-10-19 00:00:00",,,,,,,,,,,,,,,,,,604
"2009-10-26 00:00:00",,,,,,,,,,,,,,,,,,378
"2009-11-02 00:00:00",,,,,,,,,,,,,,,,,,419
"2009-11-09 00:00:00",,,,,,,,,,,,,,,,,,527
"2009-11-16 00:00:00",,,,,,,,,,,,,,,,,,603
"2009-11-23 00:00:00",,,,,,,,,,,,,,,,,,568
"2009-11-30 00:00:00",,,,,,,,,,,,,,,,,,533
"2009-12-07 00:00:00",,,,,,,,,,,,,,,,,,753
"2009-12-14 00:00:00",,,,,,,,,,,,,,,,,,1115
"2009-12-21 00:00:00",,,,,,,,,,,,,,,,,,1135
"2009-12-28 00:00:00",,,,,,,,,,,,,,,,,,1031
"2010-01-04 00:00:00",,,,,,,,,,,,,,,,,,1190
"2010-01-11 00:00:00",,,,,,,,,,,,,,,,,,1022
"2010-01-18 00:00:00",,,,,,,,,,,,,,,,,,1029
"2010-01-25 00:00:00",,,,,,,,,,,,,,,,,,1319
"2010-02-01 00:00:00",,,,,,,,,,,,,,,,,,1460
"2010-02-08 00:00:00",,,,,,,,,,,,,,,,,,1367
"2010-02-15 00:00:00",,,,,,,,,,,,,,,,,,1441
"2010-02-22 00:00:00",,,,,,,,,,,,,,,,,,1335
"2010-03-01 00:00:00",,,,,,,,,,,,,,,,,,1247
"2010-03-08 00:00:00",,,,,,,,,,,,,,,,,,965
"2010-03-15 00:00:00",,,,,,,,,,,,,,,,,,1065
"2010-03-22 00:00:00",,,,,,,,,,,,,,,,,,1305
"2010-03-29 00:00:00",,,,,,,,,,,,,,,,,,1275
"2010-04-05 00:00:00",,,,,,,,,,,,,,,,,3,1357
"2010-04-12 00:00:00",,,,,,,,,,,,,,,,,7,1449
"2010-04-19 00:00:00",,,,,,,,,,,,,,,,,0,1291
"2010-04-26 00:00:00",,,,,,,,,,,,,,,,,6,1147
"2010-05-03 00:00:00",,,,,,,,,,,,,,,,,0,1010
"2010-05-10 00:00:00",,,,,,,,,,,,,,,,,0,821
"2010-05-17 00:00:00",,,,,,,,,,,,,,,,,0,1260
"2010-05-24 00:00:00",,,,,,,,,,,,,,,,,0,1369
"2010-05-31 00:00:00",,,,,,,,,,,,,,,,,0,994
"2010-06-07 00:00:00",,,,,,,,,,,,,,,,,2,1118
"2010-06-14 00:00:00",,,,,,,,,,,,,,,,,0,1118
"2010-06-21 00:00:00",,,,,,,,,,,,,,,,,0,1153
"2010-06-28 00:00:00",,,,,,,,,,,,,,,,,0,1259
"2010-07-05 00:00:00",,,,,,,,,,,,,,,,,0,1231
"2010-07-12 00:00:00",,,,,,,,,,,,,,,,,1,3402
"2010-07-19 00:00:00",,,,,,,,,,,,,,,,,0,1352
"2010-07-26 00:00:00",,,,,,,,,,,,,,,,,0,1372
"2010-08-02 00:00:00",,,,,,,,,,,,,,,,,1,1430
"2010-08-09 00:00:00",,,,,,,,,,,,,,,,,1,1533
"2010-08-16 00:00:00",,,,,,,,,,,,,,,,,2,1120
"2010-08-23 00:00:00",,,,,,,,,,,,,,,,,0,1357
"2010-08-30 00:00:00",,,,,,,,,,,,,,,,,1,1155
"2010-09-06 00:00:00",,0,,,,,,,,,,,,,,,0,1132
"2010-09-13 00:00:00",,0,,,,,,,,,,,,,,,0,1416
"2010-09-20 00:00:00",,0,,,,,,,,,,,,,,,0,1423
"2010-09-27 00:00:00",,0,,,,,,,,,,,,,,,0,1127
"2010-10-04 00:00:00",,0,,,,,,,,,,,,,,,6,1094
"2010-10-11 00:00:00",,0,,,,,,,,,,,,,,,3,1397
"2010-10-18 00:00:00",,0,,,,,,,,,,,,,,,1,1488
"2010-10-25 00:00:00",,0,,,,,,,,,,,,,,,1,1529
"2010-11-01 00:00:00",,0,,,,,,0,,,,,,,,,0,1422
"2010-11-08 00:00:00",,0,,,,,,0,,,,,,,,,0,1562
"2010-11-15 00:00:00",,0,,,,,,0,,,,,,,,,0,1307
"2010-11-22 00:00:00",,0,,,,,,0,,,,,,,,,1,1206
"2010-11-29 00:00:00",,0,,,,,,2,,,,,,,,,1,1442
"2010-12-06 00:00:00",,0,,,,,,5,,,,,,,,,1,1429
"2010-12-13 00:00:00",,0,,,,,,2,,,,,,,,,2,1188
"2010-12-20 00:00:00",,0,,,,,,0,,,,,,,,,2,1117
"2010-12-27 00:00:00",,0,,,,,,0,,,,,,,,,2,1185
"2011-01-03 00:00:00",,0,,,,,,0,,,,,,,,,0,1089
"2011-01-10 00:00:00",,0,,,,,,0,,,,,,,,,0,1201
"2011-01-17 00:00:00",,0,,,,,,0,,,,,,,,,0,1186
"2011-01-24 00:00:00",,0,,,,,,0,,,,,,,,,0,1159
"2011-01-31 00:00:00",,0,,,,,,0,,,,,,,,,0,1202
"2011-02-07 00:00:00",,0,,,,,,0,,,,,,,,,1,1328
"2011-02-14 00:00:00",,0,,,,,,0,,,,,,,,,2,1453
"2011-02-21 00:00:00",,0,,,,,,0,,,,,,,,,3,1597
"2011-02-28 00:00:00",,0,,,,,,0,,,,,,,,,4,1402
"2011-03-07 00:00:00",,0,,,,,,0,,,,,,,,,1,1054
"2011-03-14 00:00:00",,0,,,,,,0,,,,,,,,,2,871
"2011-03-21 00:00:00",,0,,,,,,0,,,,,,,,,1,1029
"2011-03-28 00:00:00",,0,,,,,,0,,,,,,,,,6,1213
"2011-04-04 00:00:00",,0,,,,,,0,,,,,,,,,2,1160
"2011-04-11 00:00:00",,0,,,,,,0,,,,,,,,,7,1162
"2011-04-18 00:00:00",,0,,,,,,0,,,,,,,,,4,1099
"2011-04-25 00:00:00",,0,,,,,,0,,,,,,,,,13,1300
"2011-05-02 00:00:00",,0,,,,,,0,,,,,,,,,23,1460
"2011-05-09 00:00:00",,0,,,,,,0,,,,,,,,,41,1451
"2011-05-16 00:00:00",,6,,,,,,0,,,,,,,,,33,1647
"2011-05-23 00:00:00",,4,,,,,,0,,,,,,,,,18,1685
"2011-05-30 00:00:00",,1,,,,,,0,,,,,,,,,36,1314
"2011-06-06 00:00:00",,0,,,,,,0,,,0,,,,,,43,1518
"2011-06-13 00:00:00",,7,,,,,,0,,,0,,,,,,59,1537
"2011-06-20 00:00:00",,4,,,,,,0,,,0,,,,,,38,1494
"2011-06-27 00:00:00",,6,,,,,,0,,,0,,,,,,21,1197
"2011-07-04 00:00:00",,3,,,,,,0,,,0,,,,,,18,1045
"2011-07-11 00:00:00",,12,,,,,,0,,,0,,,,,,37,1120
"2011-07-18 00:00:00",,18,,,,,,0,,,0,,,,,,28,1075
"2011-07-25 00:00:00",,30,,,,,,0,,,1,,,,,,38,1160
"2011-08-01 00:00:00",,30,,,,,,0,,,0,,,,,,38,993
"2011-08-08 00:00:00",,33,,,,,,0,,,0,,,,,,43,964
"2011-08-15 00:00:00",,37,,,,,,0,,,0,,,,,,41,998
"2011-08-22 00:00:00",,17,,,,,,0,,,0,,,,,,30,977
"2011-08-29 00:00:00",,16,,,,,,0,,,0,,,,,,23,1002
"2011-09-05 00:00:00",,37,,,,,,0,,,0,,,,,,43,983
"2011-09-12 00:00:00",,29,,,,,,0,,,0,,,,,,40,982
"2011-09-19 00:00:00",,15,,,,,,0,,,0,,,,,,27,958
"2011-09-26 00:00:00",,18,,,,,,0,,,0,,,,,,27,925
"2011-10-03 00:00:00",,25,,,,,,0,,,0,,,,,,36,911
"2011-10-10 00:00:00",,31,,,,,,0,,,0,,,,,,38,825
"2011-10-17 00:00:00",,8,,,,,,0,,,0,,,,,,13,813
"2011-10-24 00:00:00",,16,,,,,,0,,,0,,,,,,26,796
"2011-10-31 00:00:00",,24,,,,,,0,,,0,,,,,,45,983
"2011-11-07 00:00:00",,23,,,,,,0,,,0,,,,,,115,903
"2011-11-14 00:00:00",,27,,,,,,0,,,0,,,,,,165,846
"2011-11-21 00:00:00",,18,,,,,,0,,,0,,,,,,180,725
"2011-11-28 00:00:00",,26,,,,,,0,,,0,,,,,,226,850
"2011-12-05 00:00:00",,27,,,,,,0,,,0,,,,,,228,881
"2011-12-12 00:00:00",,30,,,,,,0,,,0,,,,,,186,786
"2011-12-19 00:00:00",,31,,,,,,0,,,0,,,,,,208,883
"2011-12-26 00:00:00",,38,,,,,,0,,,0,,,,,,213,891
"2012-01-02 00:00:00",,29,,,,,,0,,,0,,,,,,235,926
"2012-01-09 00:00:00",,21,,,,,,0,,,0,,,,,,223,847
"2012-01-16 00:00:00",,36,,,,,,0,,,0,,,,,,211,882
"2012-01-23 00:00:00",,35,,,,,,71,,,1,,,,,,218,795
"2012-01-30 00:00:00",,40,,,,,,168,,,2,,,,,,234,718
"2012-02-06 00:00:00",,38,,,,,,108,,,13,,,,,,224,726
"2012-02-13 00:00:00",,53,,,,,,125,,,0,,,,,,288,668
"2012-02-20 00:00:00",,31,,,,,,137,,,3,,,,,,277,691
"2012-02-27 00:00:00",,29,,,,,,133,,,0,,,,,,300,640
"2012-03-05 00:00:00",,43,,,,,,119,,,0,,,,,,254,734
"2012-03-12 00:00:00",,53,,,,,,131,,,0,,,,,,282,709
"2012-03-19 00:00:00",,49,,,,,,127,,,0,,,,,,291,720
"2012-03-26 00:00:00",,65,,,,,,117,,,0,,,,,,314,698
"2012-04-02 00:00:00",,40,,,,,,99,,,1,,,,,,303,558
"2012-04-09 00:00:00",,58,,,,,,108,,,0,,,,,,308,571
"2012-04-16 00:00:00",,60,,,,,,109,,,4,,,,,,334,641
"2012-04-23 00:00:00",,55,,,,,,94,,,0,,,,,,354,633
"2012-04-30 00:00:00",,79,,,,,,122,,,0,,,,,,411,694
"2012-05-07 00:00:00",,62,,,,,,92,,,0,,,,,,382,641
"2012-05-14 00:00:00",,45,,,,,,105,,,0,,,,,,294,587
"2012-05-21 00:00:00",,41,,,,,,78,,,0,,,,,,333,551
"2012-05-28 00:00:00",,51,,,,,,103,,,0,,,,,,359,593
"2012-06-04 00:00:00",,32,,,,,,109,,,0,,,,,,397,605
"2012-06-11 00:00:00",,34,,,,,,90,,,5,,,,,,397,624
"2012-06-18 00:00:00",,29,,,,,,105,,,0,,,,,,408,552
"2012-06-25 00:00:00",,43,,,,,,95,,,0,,,,,,433,536
"2012-07-02 00:00:00",,48,,,,,,93,,,0,,,,,,446,584
"2012-07-09 00:00:00",,45,,,,,,98,,,0,,,,,,439,564
"2012-07-16 00:00:00",,53,,,,,,84,,,0,,,,,,488,529
"2012-07-23 00:00:00",,44,,,,,,86,,,0,,,,,,524,557
"2012-07-30 00:00:00",,39,,,,,,102,,,0,,,,,,489,511
"2012-08-06 00:00:00",,47,,,,,,92,,,0,,,,,,541,534
"2012-08-13 00:00:00",,47,,,,,,88,,,0,,,,,,514,547
"2012-08-20 00:00:00",,49,,,,,,108,,,0,,,,,,566,498
"2012-08-27 00:00:00",,35,,,,,,98,,,0,,,,,,557,451
"2012-09-03 00:00:00",,39,,,,,,92,,,0,,,,,,632,439
"2012-09-10 00:00:00",,41,,,,,,115,,,0,,,,,,521,443
"2012-09-17 00:00:00",,34,,,,,,81,,,0,,,,,,582,479
"2012-09-24 00:00:00",,36,,,,,,102,,,0,,,,,,560,447
"2012-10-01 00:00:00",,28,,,,,,98,,,0,,,,,,520,361
"2012-10-08 00:00:00",,36,,,,,,100,,,0,,,,,,578,380
"2012-10-15 00:00:00",,30,,,,,,94,,,0,,,,,,625,386
"2012-10-22 00:00:00",,29,,,,,,106,,,0,,,,,,604,412
"2012-10-29 00:00:00",,36,,,,,,93,,,0,,,,,,596,364
"2012-11-05 00:00:00",,24,,,,,,113,,,0,,,,,,600,352
"2012-11-12 00:00:00",,25,,,,,,114,,,0,,,,,,570,315
"2012-11-19 00:00:00",,31,,,,,,98,,,0,,,,,,629,348
"2012-11-26 00:00:00",,23,,,,,,96,,,0,,,,,,651,350
"2012-12-03 00:00:00",,20,,,,,,125,,,0,,,,,,537,266
"2012-12-10 00:00:00",,26,,,,,,125,,,1,,,,,,544,235
"2012-12-17 00:00:00",,19,,,,,,101,,,0,,,,,,560,265
"2012-12-24 00:00:00",,32,,,,,,119,,,0,,,,,,631,326
"2012-12-31 00:00:00",,24,,,,,,133,,,0,,,,,,629,326
"2013-01-07 00:00:00",,24,,,,,,103,,,0,,,,,,590,278
"2013-01-14 00:00:00",,25,,,,,,118,,,0,,,,,,592,235
"2013-01-21 00:00:00",,37,,,,,,113,,,0,,,,,,675,241
"2013-01-28 00:00:00",,31,,,,,,151,,,0,,,,,,691,318
"2013-02-04 00:00:00",,19,,,,,,144,,,0,,,,,,706,255
"2013-02-11 00:00:00",,29,,,,,,148,,,0,,,,,,772,279
"2013-02-18 00:00:00",,18,,,,,,117,,,0,,,,,,836,241
"2013-02-25 00:00:00",,25,,,,,,131,,,0,,,,,,843,239
"2013-03-04 00:00:00",,27,,,,,,144,,,0,,,,,,831,188
"2013-03-11 00:00:00",,42,,,,,,116,,,0,,,,,,904,210
"2013-03-18 00:00:00",,42,,,,,,140,,,0,,,,,,1087,236
"2013-03-25 00:00:00",,32,,,,,,122,,,0,,,,,,844,194
"2013-04-01 00:00:00",,25,,,,52,,148,,,1,,,,,,851,172
"2013-04-08 00:00:00",,30,,,,155,,151,,,0,,,,,,738,153
"2013-04-15 00:00:00",,42,,,,166,,115,,,0,,,,,,728,157
"2013-04-22 00:00:00",,50,,,,183,,128,,,0,,,,,,713,171
"2013-04-29 00:00:00",,36,,,,160,,114,,,0,,,,,,667,150
"2013-05-06 00:00:00",,24,,,,214,,142,,,0,,,,,,724,121
"2013-05-13 00:00:00",,39,,,,172,,100,,,0,,,,,,687,143
"2013-05-20 00:00:00",,70,,,,183,,119,,,0,,,,,,690,126
"2013-05-27 00:00:00",,76,,,,225,,113,,,0,,,,,,731,211
"2013-06-03 00:00:00",,75,,,,248,,144,,,0,,,,,,729,162
"2013-06-10 00:00:00",,68,,,,248,,117,,,0,,,,,,760,144
"2013-06-17 00:00:00",,81,,,,195,,118,,,0,,,,,,643,130
"2013-06-24 00:00:00",,63,,,,196,,139,,,0,,,,,,642,168
"2013-07-01 00:00:00",,91,,,,209,,125,,,0,,,,,,690,206
"2013-07-08 00:00:00",,67,,,,215,,103,,,0,,,,,,725,196
"2013-07-15 00:00:00",,45,,,,260,,118,,,0,,,,,,697,199
"2013-07-22 00:00:00",,67,,,,206,,117,,,0,,,,,,668,173
"2013-07-29 00:00:00",,84,,,,241,,105,,,0,,,,,,748,203
"2013-08-05 00:00:00",,102,,,,208,,116,,,0,,,,,,875,229
"2013-08-12 00:00:00",,97,,,,228,,103,,,2,,,,,,802,175
"2013-08-19 00:00:00",,95,,,,199,,95,,,0,,,,,,834,193
"2013-08-26 00:00:00",,104,,,,152,,95,,,0,,,,,,924,189
"2013-09-02 00:00:00",,70,,,,146,,104,,,0,,,,,,874,144
"2013-09-09 00:00:00",,92,,,,117,,91,,,0,,,,,,1034,167
"2013-09-16 00:00:00",,76,,,,112,,88,,,0,,,,,,962,144
"2013-09-23 00:00:00",,82,,,,122,,69,,,0,,,,,,917,261
"2013-09-30 00:00:00",,98,,,,95,,76,,,0,,,,,,989,234
"2013-10-07 00:00:00",,122,,,,70,,93,,,0,,,,,,904,334
"2013-10-14 00:00:00",,161,,,,65,,105,,,0,,,,,,1072,388
"2013-10-21 00:00:00",,209,,,,9,,135,,,0,,,,,,1110,378
"2013-10-28 00:00:00",,199,,,,0,,83,,,0,,,,,,1066,371
"2013-11-04 00:00:00",,183,,,,0,,72,,,1,,,,,,898,314
"2013-11-11 00:00:00",,189,,,,2,,76,,,1,,,0,,,1011,336
"2013-11-18 00:00:00",,146,,,,1,,73,,,0,,,0,,,858,295
"2013-11-25 00:00:00",,148,,,,0,,80,,,0,,,0,,,946,290
"2013-12-02 00:00:00",2,221,,,,0,,82,,,0,,,0,,,1011,331
"2013-12-09 00:00:00",3,205,,,,1,,71,,,0,,0,0,0,,971,299
"2013-12-16 00:00:00",1,197,,,,0,,67,,,0,,0,0,0,,1037,294
"2013-12-23 00:00:00",0,237,,,,0,,67,,,0,,0,8,0,,897,236
"2013-12-30 00:00:00",0,258,,,,0,,71,,,0,,0,21,0,,893,274
"2014-01-06 00:00:00",0,285,,,,1,,59,,,0,,0,52,0,,1048,283
"2014-01-13 00:00:00",2,244,,,,1,,51,,,0,,0,33,0,,871,184
"2014-01-20 00:00:00",9,259,,,,1,,56,,,0,,0,35,0,,899,259
"2014-01-27 00:00:00",0,309,,,,2,,54,,,2,,0,52,0,,861,274
"2014-02-03 00:00:00",8,265,,,,1,,47,,,0,,0,58,0,,860,311
"2014-02-10 00:00:00",7,257,,,,4,,37,,,0,,0,58,0,,912,331
"2014-02-17 00:00:00",8,255,,,,2,,44,,,0,,0,62,0,,895,326
"2014-02-24 00:00:00",3,219,,,,2,,26,,,0,,0,46,0,,892,340
"2014-03-03 00:00:00",13,188,,,,1,,32,,,0,,0,30,0,,817,285
"2014-03-10 00:00:00",0,179,,,,5,,44,,,0,,0,17,0,,812,246
"2014-03-17 00:00:00",0,251,,,,6,,29,,,0,,0,50,0,,847,309
"2014-03-24 00:00:00",0,223,,,,5,,25,,,0,,0,33,0,,770,305
"2014-03-31 00:00:00",3,235,,,,5,,33,,,0,,0,28,0,,808,341
"2014-04-07 00:00:00",6,223,,,,8,,25,,,0,,0,31,0,,726,268
"2014-04-14 00:00:00",2,218,,,,2,,27,,,0,,0,28,0,,769,314
"2014-04-21 00:00:00",6,234,,,,1,,33,,,0,,0,23,0,,740,295
"2014-04-28 00:00:00",0,209,,,,4,,31,,,2,,0,29,0,,689,297
"2014-05-05 00:00:00",0,180,,,,0,,32,,,9,,0,15,0,,747,271
"2014-05-12 00:00:00",0,202,,,,4,,33,,,17,,0,31,0,,795,280
"2014-05-19 00:00:00",0,223,,,,3,,33,,,5,,0,31,0,,796,266
"2014-05-26 00:00:00",0,181,,,,1,,38,,,10,,0,21,0,,775,206
"2014-06-02 00:00:00",0,215,,,,1,,42,,,6,,0,30,0,,806,205
"2014-06-09 00:00:00",7,209,,,,0,,46,,,20,,0,23,0,,831,190
"2014-06-16 00:00:00",14,239,,,,0,,36,,,61,,0,24,0,,835,215
"2014-06-23 00:00:00",33,242,,,,0,,45,,,57,,0,24,0,,809,223
"2014-06-30 00:00:00",22,204,,,,0,,43,,,54,,0,18,0,,610,179
"2014-07-07 00:00:00",23,217,,,,0,,49,,,63,,0,17,0,,666,190
"2014-07-14 00:00:00",35,257,,,,0,,44,,,81,,0,24,0,,670,198
"2014-07-21 00:00:00",29,259,,,,0,,36,,,97,,0,21,0,,584,132
"2014-07-28 00:00:00",31,275,,,,0,,28,,,113,,0,23,0,,613,179
"2014-08-04 00:00:00",25,286,,,,0,,40,,,104,,0,25,0,,601,153
"2014-08-11 00:00:00",24,334,,,,0,,39,,,81,,0,29,0,,680,177
"2014-08-18 00:00:00",23,280,,,,0,,50,,,103,,0,24,0,,689,171
"2014-08-25 00:00:00",26,341,,,,0,,40,,,141,,0,18,0,,603,175
"2014-09-01 00:00:00",19,277,,,,0,,32,0,,151,,0,18,0,,557,161
"2014-09-08 00:00:00",27,329,,,,0,,34,2,,150,,0,27,0,,543,150
"2014-09-15 00:00:00",34,343,,,,0,,43,15,,135,,0,27,0,,603,167
"2014-09-22 00:00:00",37,282,,,,0,,38,15,,101,,0,22,0,,522,183
"2014-09-29 00:00:00",37,291,,,,0,,43,9,,93,,0,10,0,,530,156
"2014-10-06 00:00:00",26,314,,,,0,,34,17,,87,,0,21,0,,502,212
"2014-10-13 00:00:00",11,338,,,,0,,29,20,,107,,0,23,0,,478,163
"2014-10-20 00:00:00",15,336,,,,0,,28,24,,103,,0,33,0,,542,166
"2014-10-27 00:00:00",26,355,,,,0,,37,18,,110,0,0,31,0,,523,176
"2014-11-03 00:00:00",34,339,,,,0,,27,19,,122,0,0,38,0,,472,166
"2014-11-10 00:00:00",56,261,,,,0,,45,18,,98,0,0,55,0,,454,153
"2014-11-17 00:00:00",44,288,,,,0,,35,14,,93,0,0,61,0,,443,140
"2014-11-24 00:00:00",67,279,,,,0,,33,6,,106,0,0,64,0,,414,156
"2014-12-01 00:00:00",64,261,,,,0,,37,8,,86,0,0,69,0,,365,172
"2014-12-08 00:00:00",106,272,,,,0,,36,2,,84,0,0,73,0,,378,142
"2014-12-15 00:00:00",108,221,,,,0,,29,2,,81,0,0,71,0,,353,152
"2014-12-22 00:00:00",156,258,,,,0,,44,4,,80,0,0,98,0,,413,160
"2014-12-29 00:00:00",157,289,,,,0,,39,1,,86,0,0,88,0,,402,152
"2015-01-05 00:00:00",168,236,,,,0,,33,5,,81,0,0,87,0,,362,134
"2015-01-12 00:00:00",131,241,,,,0,,17,11,,80,0,0,94,0,,356,165
"2015-01-19 00:00:00",143,204,,,,0,,28,11,,58,0,0,88,0,0,338,140
"2015-01-26 00:00:00",137,250,,,,0,,24,14,0,42,0,0,105,0,42,395,168
"2015-02-02 00:00:00",112,229,,,,0,,40,8,0,65,0,0,98,0,91,386,134
"2015-02-09 00:00:00",158,192,,,,0,,35,4,0,67,0,0,83,0,95,361,99
"2015-02-16 00:00:00",168,178,,,,0,,23,4,0,64,0,0,100,0,125,402,94
"2015-02-23 00:00:00",188,172,,,,0,,32,4,0,44,0,0,90,0,105,359,81
"2015-03-02 00:00:00",196,183,,,,0,,27,2,0,65,0,0,86,0,131,313,80
"2015-03-09 00:00:00",154,185,,,,0,,26,7,0,56,0,0,77,0,128,378,56
"2015-03-16 00:00:00",138,205,,,,0,,38,16,0,56,0,0,95,0,111,343,76
"2015-03-23 00:00:00",190,204,,,,0,,56,5,0,62,0,0,89,0,132,337,108
"2015-03-30 00:00:00",168,209,,,,0,,42,3,2,50,0,0,100,0,133,304,107
"2015-04-06 00:00:00",140,241,,,,0,,45,2,2,41,0,0,96,0,104,260,88
"2015-04-13 00:00:00",174,239,,,,0,,47,3,6,70,0,0,74,0,107,257,59
"2015-04-20 00:00:00",150,233,,,,0,,40,2,0,78,0,0,101,0,128,283,54
"2015-04-27 00:00:00",163,212,,,,0,,41,2,0,55,0,0,106,0,111,248,91
"2015-05-04 00:00:00",174,241,,,,0,,44,1,0,74,0,0,80,0,102,244,89
"2015-05-11 00:00:00",214,231,,,,0,,49,2,0,76,0,0,92,0,116,235,110
"2015-05-18 00:00:00",181,242,,,,0,,42,3,0,53,0,0,90,0,116,213,79
"2015-05-25 00:00:00",196,218,,,,0,,31,3,0,72,0,0,105,0,99,208,111
"2015-06-01 00:00:00",189,242,,,,0,,39,2,0,98,0,0,112,0,85,210,116
"2015-06-08 00:00:00",208,231,,,,0,,26,2,0,118,0,0,100,0,108,207,121
"2015-06-15 00:00:00",192,210,,,,0,,20,2,0,127,0,0,110,0,65,191,99
"2015-06-22 00:00:00",189,234,,,,0,,17,2,0,151,0,0,122,0,92,167,103
"2015-06-29 00:00:00",215,206,,,,0,,39,1,0,163,0,0,104,0,101,152,137
"2015-07-06 00:00:00",223,216,,,,0,,35,2,0,153,0,0,132,0,99,158,124
"2015-07-13 00:00:00",207,218,,,,0,,34,2,2,145,0,0,119,0,89,156,135
"2015-07-20 00:00:00",207,213,,,,0,,33,1,3,164,0,0,105,0,86,162,149
"2015-07-27 00:00:00",181,226,,,,0,,43,2,6,148,0,0,124,0,80,150,144
"2015-08-03 00:00:00",193,183,,,,0,,31,1,10,175,0,0,123,0,84,134,134
"2015-08-10 00:00:00",165,216,,,,0,,45,2,11,192,0,0,132,0,77,117,138
"2015-08-17 00:00:00",196,250,,,,0,,42,2,11,135,0,0,146,0,76,136,146
"2015-08-24 00:00:00",157,235,,,,0,,81,1,10,168,0,0,122,0,90,147,110
"2015-08-31 00:00:00",175,212,,,,0,,81,1,4,169,0,0,127,0,73,172,107
"2015-09-07 00:00:00",193,213,,,,0,,75,1,9,167,0,0,118,0,64,165,111
"2015-09-14 00:00:00",166,209,,,,0,,81,1,6,144,0,0,131,0,69,135,101
"2015-09-21 00:00:00",167,210,,,,0,,75,2,9,158,0,0,158,0,65,157,100
"2015-09-28 00:00:00",173,225,,,,0,,79,0,4,130,0,0,149,0,71,168,81
"2015-10-05 00:00:00",189,188,,,,0,,72,1,6,156,0,0,136,0,70,138,86
"2015-10-12 00:00:00",198,214,,,,0,,67,0,13,164,0,0,135,0,49,141,80
"2015-10-19 00:00:00",184,213,,,,0,,78,0,9,174,0,0,139,0,66,131,73
"2015-10-26 00:00:00",209,231,,,,0,,60,0,5,174,0,0,160,0,56,126,81
"2015-11-02 00:00:00",181,251,,,,0,,70,1,7,160,0,0,143,0,44,149,72
"2015-11-09 00:00:00",232,229,,,,0,,72,1,9,176,0,0,126,0,65,142,69
"2015-11-16 00:00:00",237,261,,,,0,,63,1,12,166,0,0,145,0,60,142,69
"2015-11-23 00:00:00",268,250,,,,0,,64,1,11,148,0,0,138,0,75,96,67
"2015-11-30 00:00:00",241,267,,,,0,,65,1,8,146,0,0,151,0,77,144,65
"2015-12-07 00:00:00",285,276,,,,0,,49,0,12,152,0,0,173,0,69,122,70
"2015-12-14 00:00:00",249,319,,,,0,,52,4,12,170,0,0,182,0,68,123,58
"2015-12-21 00:00:00",257,272,,,,0,,51,1,9,182,0,0,145,0,73,128,53
"2015-12-28 00:00:00",268,263,,,,0,,44,1,8,163,0,0,140,0,59,75,60
"2016-01-04 00:00:00",284,272,,,,0,,54,0,7,172,0,0,138,0,65,116,43
"2016-01-11 00:00:00",276,238,,,,0,,33,0,15,154,0,0,145,0,49,106,31
"2016-01-18 00:00:00",287,251,,,,0,,42,0,26,172,0,0,146,0,78,94,44
"2016-01-25 00:00:00",285,274,,,,0,,52,0,22,173,0,0,158,0,89,99,29
"2016-02-01 00:00:00",268,304,,,,0,,53,0,28,166,0,0,187,0,128,108,33
"2016-02-08 00:00:00",275,311,,,,0,,43,0,24,177,0,0,163,0,87,87,21
"2016-02-15 00:00:00",250,230,,,,0,,49,0,29,109,0,0,173,0,81,99,24
"2016-02-22 00:00:00",231,236,,,,0,,48,0,28,115,0,0,142,0,68,83,22
"2016-02-29 00:00:00",221,280,,,,0,,34,0,46,133,0,0,156,0,57,79,29
"2016-03-07 00:00:00",268,250,,,,0,,40,0,26,107,0,0,167,0,77,84,39
"2016-03-14 00:00:00",277,246,,,,0,,35,0,29,125,0,0,139,0,58,84,43
"2016-03-21 00:00:00",275,246,,,,1,,35,0,28,117,0,0,150,0,56,85,35
"2016-03-28 00:00:00",288,239,,,,0,,38,0,29,96,0,0,158,0,47,104,49
"2016-04-04 00:00:00",299,269,,,,0,,37,0,45,106,0,0,154,0,70,92,33
"2016-04-11 00:00:00",291,257,,,,0,,50,0,40,95,0,0,135,0,83,89,29
"2016-04-18 00:00:00",277,247,,,,0,,47,0,35,102,0,0,159,0,66,74,19
"2016-04-25 00:00:00",285,235,,,,0,,45,0,30,87,0,0,156,0,71,76,22
"2016-05-02 00:00:00",297,276,,,,0,,59,0,33,100,0,0,160,0,100,72,19
"2016-05-09 00:00:00",294,261,,,,0,,56,0,29,100,0,0,119,0,94,71,20
"2016-05-16 00:00:00",245,279,,,,0,,55,0,16,103,0,0,130,0,113,70,23
"2016-05-23 00:00:00",213,263,,,,0,,51,1,25,91,0,0,138,0,115,91,65
"2016-05-30 00:00:00",202,289,,,4,0,,41,0,20,87,0,0,130,0,111,83,33
"2016-06-06 00:00:00",220,285,,,9,0,,50,0,35,99,1,0,145,0,111,72,41
"2016-06-13 00:00:00",211,259,,,4,0,,64,0,39,100,34,0,129,0,133,68,63
"2016-06-20 00:00:00",176,258,,,10,0,,40,0,39,88,29,0,123,0,159,70,75
"2016-06-27 00:00:00",222,217,,,8,0,,47,0,43,89,41,0,141,0,152,66,73
"2016-07-04 00:00:00",214,203,,,14,0,,45,0,29,84,52,0,129,0,158,67,47
"2016-07-11 00:00:00",194,216,,,21,0,,60,0,32,83,51,0,121,0,136,60,31
"2016-07-18 00:00:00",173,179,,,49,0,,55,0,17,110,38,0,132,0,113,59,24
"2016-07-25 00:00:00",171,183,,,54,0,,47,0,24,83,60,0,142,0,120,46,17
"2016-08-01 00:00:00",193,215,,,74,0,,64,0,41,86,48,0,160,0,135,79,23
"2016-08-08 00:00:00",166,209,,,80,0,,52,0,39,91,49,0,135,0,140,68,24
"2016-08-15 00:00:00",153,194,,,81,0,,63,0,43,89,38,0,152,0,143,55,24
"2016-08-22 00:00:00",144,207,,,96,0,,72,0,40,84,47,0,122,0,134,51,22
"2016-08-29 00:00:00",160,187,,,116,0,,73,0,33,91,55,0,126,0,121,67,17
"2016-09-05 00:00:00",170,183,,,93,21,,68,0,36,91,28,0,130,0,120,74,20
"2016-09-12 00:00:00",156,171,,,96,30,,72,0,41,103,48,0,135,0,138,50,50
"2016-09-19 00:00:00",152,209,,,96,21,,70,0,37,78,43,0,136,0,131,59,47
"2016-09-26 00:00:00",169,197,,,107,28,,58,0,31,95,58,0,126,0,107,45,90
"2016-10-03 00:00:00",176,168,,,118,51,,58,0,31,90,57,0,159,0,105,60,44
"2016-10-10 00:00:00",185,138,,,90,30,,72,0,26,90,43,0,97,0,86,56,84
"2016-10-17 00:00:00",200,163,,,83,37,,57,0,35,74,60,0,110,0,81,64,38
"2016-10-24 00:00:00",163,178,,,81,39,,60,0,46,91,44,0,118,0,120,79,34
"2016-10-31 00:00:00",156,194,,,73,21,,51,0,44,92,50,0,120,0,94,75,78
"2016-11-07 00:00:00",181,160,,,92,26,,76,0,39,78,81,0,120,0,105,100,78
"2016-11-14 00:00:00",196,165,,,83,42,,64,0,37,80,62,0,114,0,99,79,170
"2016-11-21 00:00:00",188,153,,,63,48,,77,0,32,75,60,0,106,0,108,63,152
"2016-11-28 00:00:00",200,176,,,75,48,,59,0,26,78,50,0,90,0,129,82,135
"2016-12-05 00:00:00",199,165,,,68,57,,72,0,37,78,69,1,92,1,107,82,146
"2016-12-12 00:00:00",184,165,,,68,54,,46,0,34,92,51,14,87,14,112,65,132
"2016-12-19 00:00:00",214,162,,,47,53,,63,0,30,82,52,7,99,7,105,92,85
"2016-12-26 00:00:00",219,155,,,44,61,,73,0,33,107,54,6,87,6,102,90,67
"2017-01-02 00:00:00",212,188,,,64,67,,72,0,33,98,50,21,81,21,95,68,86
"2017-01-09 00:00:00",203,159,,,75,90,,59,0,45,103,66,37,84,37,91,84,101
"2017-01-16 00:00:00",229,170,,,77,104,,59,0,44,115,61,32,76,32,100,119,88
"2017-01-23 00:00:00",162,173,,,76,102,,58,0,49,83,57,60,85,60,86,96,47
"2017-01-30 00:00:00",173,154,,,100,88,,58,0,15,116,52,72,72,72,83,97,57
"2017-02-06 00:00:00",174,129,,,83,85,,53,0,39,118,50,50,64,50,73,96,52
"2017-02-13 00:00:00",184,138,,,75,113,,66,0,33,108,63,58,66,58,64,118,37
"2017-02-20 00:00:00",183,147,,,45,106,,62,0,37,131,60,56,81,56,76,112,49
"2017-02-27 00:00:00",168,124,,,82,109,,63,0,30,109,53,60,81,60,75,83,45
"2017-03-06 00:00:00",152,129,,,83,92,,60,0,39,112,49,66,68,66,70,128,47
"2017-03-13 00:00:00",193,135,,,64,82,,66,0,29,118,39,65,73,65,80,108,60
"2017-03-20 00:00:00",173,113,,,67,97,,68,0,34,122,51,60,82,60,49,133,88
"2017-03-27 00:00:00",142,130,,,60,74,,79,0,28,105,40,72,66,72,55,110,123
"2017-04-03 00:00:00",174,115,,,38,106,,52,0,29,120,55,81,106,81,55,106,114
"2017-04-10 00:00:00",166,104,,,38,110,,64,0,34,113,72,86,86,86,45,104,75
"2017-04-17 00:00:00",182,110,,,39,116,,65,0,36,81,76,93,91,93,51,106,89
"2017-04-24 00:00:00",168,101,,,52,134,,55,0,34,105,82,93,95,93,54,90,56
"2017-05-01 00:00:00",156,122,,,62,120,,53,0,50,92,61,98,106,98,61,99,60
"2017-05-08 00:00:00",201,100,,,69,141,,57,0,39,96,84,108,69,108,59,90,71
"2017-05-15 00:00:00",185,96,,,58,142,,60,0,36,108,62,94,91,94,45,101,84
"2017-05-22 00:00:00",179,112,,,55,181,,55,0,34,67,110,119,106,119,50,100,60
"2017-05-29 00:00:00",198,107,,,56,183,,55,0,37,87,99,157,92,157,42,105,45
"2017-06-05 00:00:00",177,87,,,45,197,,56,0,45,87,99,136,71,136,46,96,41
"2017-06-12 00:00:00",171,87,,,56,180,,46,0,26,49,93,136,91,136,51,91,37
"2017-06-19 00:00:00",168,96,,,43,161,,53,0,39,31,85,155,67,155,49,105,32
"2017-06-26 00:00:00",177,128,,,40,158,,47,0,29,40,76,155,71,155,51,136,47
"2017-07-03 00:00:00",197,81,,,50,150,,57,0,32,44,86,141,86,141,63,136,30
"2017-07-10 00:00:00",252,103,,,62,160,,63,0,25,32,81,149,85,149,58,123,23
"2017-07-17 00:00:00",271,68,,,53,183,,28,0,51,26,85,136,83,136,49,131,53
"2017-07-24 00:00:00",227,70,,,65,177,,39,0,42,44,67,131,78,131,41,137,33
"2017-07-31 00:00:00",227,99,,,50,214,,45,0,51,42,90,114,70,114,48,94,27
"2017-08-07 00:00:00",190,73,,,31,209,,47,0,44,58,88,137,69,136,36,85,38
"2017-08-14 00:00:00",185,94,,,48,164,,70,0,38,47,41,115,86,115,39,110,33
"2017-08-21 00:00:00",127,49,,,53,138,,49,0,40,58,42,91,76,91,36,107,16
"2017-08-28 00:00:00",176,94,,,123,189,,66,0,49,57,63,170,57,170,18,107,19
"2017-09-04 00:00:00",179,94,,,135,195,,50,0,53,45,57,175,83,175,43,116,32
"2017-09-11 00:00:00",177,102,,,158,195,,72,0,50,56,52,162,93,162,32,114,41
"2017-09-18 00:00:00",182,108,,,68,173,,59,0,29,50,56,121,91,121,27,82,46
"2017-09-25 00:00:00",184,106,,,78,166,,74,0,42,44,51,116,78,116,17,95,34
"2017-10-02 00:00:00",239,108,,,109,160,,60,0,32,48,53,133,75,133,15,85,41
"2017-10-09 00:00:00",198,108,,,112,164,,67,0,41,39,50,144,74,144,20,113,39
"2017-10-16 00:00:00",218,89,,,127,181,,79,0,38,43,43,173,97,173,31,109,38
"2017-10-23 00:00:00",196,84,,,105,179,,81,0,44,47,45,119,69,119,20,105,29
"2017-10-30 00:00:00",158,82,,,117,156,,75,0,33,32,32,153,65,153,24,90,16
"2017-11-06 00:00:00",152,66,,,102,131,,84,0,28,38,35,94,55,94,19,85,23
"2017-11-13 00:00:00",159,84,,,144,191,,101,0,18,35,15,147,29,147,13,106,32
"2017-11-20 00:00:00",207,88,,,154,193,,108,0,33,39,14,138,39,138,28,113,7
"2017-11-27 00:00:00",226,113,,,162,212,,119,0,31,40,32,148,29,148,18,121,23
"2017-12-04 00:00:00",204,91,,,159,189,,128,0,38,36,21,154,41,154,23,141,23
"2017-12-11 00:00:00",234,109,,,147,193,,128,0,36,35,24,161,45,161,23,123,22
"2017-12-18 00:00:00",187,81,,,130,180,,122,0,36,20,16,143,24,143,11,117,20
"2017-12-25 00:00:00",181,59,,0,124,220,,107,0,26,30,25,156,29,156,12,129,13
"2018-01-01 00:00:00",204,59,,0,125,225,,118,0,32,24,27,191,24,191,18,112,23
"2018-01-08 00:00:00",231,69,,0,142,262,,113,0,28,25,22,154,24,154,13,133,25
"2018-01-15 00:00:00",223,61,,0,144,261,,134,0,18,23,24,160,31,160,17,112,35
"2018-01-22 00:00:00",221,59,,0,136,262,,128,0,32,24,14,138,32,138,13,111,44
"2018-01-29 00:00:00",203,65,,0,116,289,,103,0,24,19,25,140,39,140,9,90,24
"2018-02-05 00:00:00",169,48,,0,135,252,,121,0,13,23,15,139,41,139,9,106,41
"2018-02-12 00:00:00",173,47,,0,134,290,,105,0,22,16,23,163,40,163,11,101,31
"2018-02-19 00:00:00",157,59,,0,129,285,,117,0,23,21,20,152,40,152,7,84,30
"2018-02-26 00:00:00",156,69,,0,115,278,,124,0,21,15,20,152,38,152,15,125,53
"2018-03-05 00:00:00",171,55,,0,129,269,,101,0,23,17,21,135,41,135,7,116,44
"2018-03-12 00:00:00",170,71,,0,119,263,,125,0,17,21,16,116,48,116,5,106,44
"2018-03-19 00:00:00",142,65,,0,117,246,,110,0,26,31,14,122,41,122,9,101,36
"2018-03-26 00:00:00",159,82,,0,90,242,,123,0,24,20,17,143,43,143,9,109,31
"2018-04-02 00:00:00",135,76,,0,128,279,,128,0,25,27,12,149,31,149,15,121,3
"2018-04-09 00:00:00",161,86,,0,109,303,,105,2,15,23,18,136,37,136,12,95,1
"2018-04-16 00:00:00",160,68,,0,125,306,,125,2,18,26,14,122,24,122,17,115,0
"2018-04-23 00:00:00",113,91,,0,101,286,,100,3,15,23,18,125,22,125,12,117,3
"2018-04-30 00:00:00",156,84,,0,102,260,,107,3,21,25,7,131,28,131,27,114,0
"2018-05-07 00:00:00",151,80,,0,91,286,,118,3,16,25,21,107,21,107,25,111,7
"2018-05-14 00:00:00",154,87,,0,92,273,,112,1,23,21,35,107,26,107,13,106,2
"2018-05-21 00:00:00",175,102,,0,100,269,,127,5,15,24,26,128,31,128,23,102,6
"2018-05-28 00:00:00",179,96,,0,100,277,,128,4,13,28,13,152,31,152,19,98,5
"2018-06-04 00:00:00",159,106,,0,99,279,,124,8,10,22,24,122,22,122,19,94,6
"2018-06-11 00:00:00",128,101,,0,91,308,,118,13,19,18,24,130,19,130,22,103,21
"2018-06-18 00:00:00",172,108,,0,102,303,,115,9,13,29,31,142,17,142,17,109,9
"2018-06-25 00:00:00",162,103,,0,100,260,,100,6,13,15,28,118,20,118,20,103,16
"2018-07-02 00:00:00",128,101,,27,113,228,,110,12,17,27,34,100,14,100,15,102,11
"2018-07-09 00:00:00",150,86,,26,115,203,,120,4,21,19,13,104,16,104,21,93,8
"2018-07-16 00:00:00",133,90,,35,149,250,,119,7,23,23,21,128,18,128,31,94,13
"2018-07-23 00:00:00",141,99,,40,136,235,,124,11,27,26,19,158,16,158,24,113,39
"2018-07-30 00:00:00",136,92,,58,118,220,,116,14,35,21,32,115,14,115,15,102,42
"2018-08-06 00:00:00",148,93,,56,118,197,,119,7,34,21,27,135,17,135,21,100,56
"2018-08-13 00:00:00",161,80,,54,103,191,,120,9,32,23,28,146,23,146,14,80,48
"2018-08-20 00:00:00",153,98,,57,115,176,,135,7,36,18,27,130,13,130,19,98,42
"2018-08-27 00:00:00",129,106,,50,106,183,,156,13,37,28,18,124,13,124,16,114,49
"2018-09-03 00:00:00",140,97,,67,114,172,,123,13,29,14,20,124,11,124,9,95,37
"2018-09-10 00:00:00",122,98,,70,117,187,,114,13,28,19,26,115,10,115,20,82,14
"2018-09-17 00:00:00",121,89,,94,142,166,,120,16,23,14,28,120,5,120,12,101,4
"2018-09-24 00:00:00",172,100,,105,121,180,,114,15,29,16,11,105,3,105,14,88,3
"2018-10-01 00:00:00",142,94,,111,93,163,,99,23,21,22,17,107,0,107,13,90,5
"2018-10-08 00:00:00",129,92,,110,105,156,,107,18,17,13,9,94,0,94,12,88,12
"2018-10-15 00:00:00",139,68,,111,134,154,,111,20,16,12,9,102,0,102,6,106,20
"2018-10-22 00:00:00",139,95,,102,95,181,,92,14,24,21,16,106,1,106,6,90,11
"2018-10-29 00:00:00",135,86,,94,98,179,,127,21,29,18,20,124,0,124,10,103,23
"2018-11-05 00:00:00",121,89,,77,108,164,,90,18,21,29,9,106,1,106,4,86,20
"2018-11-12 00:00:00",113,108,,96,84,140,,115,34,26,19,8,90,0,90,0,92,3
"2018-11-19 00:00:00",110,91,,76,92,171,,96,27,23,19,8,70,0,70,0,92,16
"2018-11-26 00:00:00",106,72,,79,69,149,,88,27,23,23,4,69,1,69,0,55,53
"2018-12-03 00:00:00",120,76,,84,88,150,,108,37,14,21,5,84,0,84,0,68,42
"2018-12-10 00:00:00",107,73,,75,85,176,,125,44,27,11,8,77,0,77,0,78,40
"2018-12-17 00:00:00",123,79,,83,111,188,,101,68,27,34,4,107,0,107,0,97,54
"2018-12-24 00:00:00",136,113,,93,102,187,,95,58,40,40,3,96,0,96,0,100,75
"2018-12-31 00:00:00",133,108,,82,98,147,,107,47,34,46,7,102,0,102,0,99,61
"2019-01-07 00:00:00",114,97,,82,104,146,,120,61,46,46,7,101,0,101,0,96,44
"2019-01-14 00:00:00",108,89,,96,83,160,,85,42,34,33,5,97,0,97,0,97,56
"2019-01-21 00:00:00",120,98,,85,82,147,,104,46,33,40,3,106,0,106,0,111,56
"2019-01-28 00:00:00",125,127,,119,96,163,,100,27,33,27,6,76,0,76,0,96,37
"2019-02-04 00:00:00",126,141,,124,80,182,,106,42,45,22,11,89,0,89,0,83,48
"2019-02-11 00:00:00",121,104,,117,76,175,,83,46,18,29,12,114,0,114,0,73,43
"2019-02-18 00:00:00",134,108,,141,67,178,,79,35,7,36,7,81,0,81,0,90,44
"2019-02-25 00:00:00",143,126,,84,79,184,,98,45,26,23,9,90,0,90,0,84,55
"2019-03-04 00:00:00",124,105,,112,71,170,,98,31,33,30,9,87,0,87,0,93,26
"2019-03-11 00:00:00",110,107,,111,91,156,,99,39,10,44,7,114,0,114,0,92,70
"2019-03-18 00:00:00",139,120,,134,73,174,,86,39,30,42,11,93,0,93,0,93,66
"2019-03-25 00:00:00",137,104,,101,75,155,,101,33,18,37,14,81,0,81,0,88,72
"2019-04-01 00:00:00",143,102,,104,69,183,,106,33,24,28,8,80,0,80,0,86,58
"2019-04-08 00:00:00",136,117,,105,88,159,,88,21,27,38,12,81,0,81,0,78,52
"2019-04-15 00:00:00",122,127,,127,62,170,,120,42,25,42,9,62,0,62,0,81,41
"2019-04-22 00:00:00",117,107,,125,67,151,,103,45,28,47,12,87,0,87,0,81,50
"2019-04-29 00:00:00",132,103,,141,82,199,,94,39,32,36,10,91,0,91,0,80,47
"2019-05-06 00:00:00",129,122,,131,65,154,,111,38,24,36,13,81,0,81,0,54,50
"2019-05-13 00:00:00",120,135,,138,75,199,,110,49,28,51,8,79,0,79,0,41,58
"2019-05-20 00:00:00",153,129,,108,86,213,,103,38,26,51,16,96,0,96,0,39,52
"2019-05-27 00:00:00",121,125,,125,81,226,,107,33,17,47,9,90,0,90,0,36,52
"2019-06-03 00:00:00",131,123,,108,77,201,,110,51,16,47,8,79,0,79,0,33,47
"2019-06-10 00:00:00",137,113,,110,91,188,,96,42,14,43,11,113,0,113,0,32,49
"2019-06-17 00:00:00",145,119,,121,83,230,,103,59,18,47,16,71,0,71,0,24,44
"2019-06-24 00:00:00",132,144,,134,87,230,,100,45,14,55,15,104,0,104,0,18,47
"2019-07-01 00:00:00",141,136,,145,95,252,,105,46,15,46,18,106,0,106,0,11,51
"2019-07-08 00:00:00",130,133,,136,71,220,,78,57,11,36,10,97,0,97,0,15,50
"2019-07-15 00:00:00",126,125,,125,80,206,,81,58,9,47,7,86,0,86,0,20,44
"2019-07-22 00:00:00",122,140,,142,78,215,,91,68,10,42,11,102,0,102,0,15,47
"2019-07-29 00:00:00",148,161,,126,84,239,,94,68,5,44,11,90,0,90,0,17,46
"2019-08-05 00:00:00",131,139,,139,80,220,,79,66,5,29,14,76,0,76,0,23,49
"2019-08-12 00:00:00",116,141,,126,84,221,,85,51,8,30,10,75,0,75,0,13,40
"2019-08-19 00:00:00",128,131,,115,85,261,,77,74,2,30,12,81,0,81,0,13,52
"2019-08-26 00:00:00",139,150,,131,79,225,,76,59,0,38,15,70,0,70,0,29,46
"2019-09-02 00:00:00",132,156,,136,73,245,,83,82,0,34,0,74,0,74,0,31,53
"2019-09-09 00:00:00",130,157,,155,92,217,,77,89,2,32,0,75,0,75,0,35,61
"2019-09-16 00:00:00",134,152,,149,78,224,,78,66,5,35,0,82,0,82,0,43,70
"2019-09-23 00:00:00",135,162,,122,77,205,,44,73,10,44,0,63,0,63,0,35,55
"2019-09-30 00:00:00",91,179,,152,79,175,,52,75,0,39,0,72,0,72,0,39,69
"2019-10-07 00:00:00",131,163,,149,70,207,,42,70,3,34,0,74,0,74,0,30,75
"2019-10-14 00:00:00",96,169,,176,86,198,,49,67,1,34,0,67,0,67,0,28,58
"2019-10-21 00:00:00",130,155,,161,80,166,,46,61,0,33,0,70,0,70,0,40,81
"2019-10-28 00:00:00",98,155,,174,57,166,,36,50,0,35,0,65,0,65,0,41,58
"2019-11-04 00:00:00",114,147,,155,63,189,,35,55,1,40,0,79,0,79,0,39,64
"2019-11-11 00:00:00",97,193,,182,72,181,,55,57,0,27,0,86,0,86,0,38,62
"2019-11-18 00:00:00",102,146,,171,61,169,,55,62,0,32,0,87,0,87,0,46,71
"2019-11-25 00:00:00",109,141,,175,58,177,,52,40,0,34,0,78,0,78,0,28,58
"2019-12-02 00:00:00",116,166,,200,53,178,,54,48,0,32,0,103,0,103,0,55,58
"2019-12-09 00:00:00",95,177,,164,66,189,,37,51,0,38,0,85,0,85,0,47,39
"2019-12-16 00:00:00",118,184,,176,61,203,,49,36,0,39,0,112,0,112,0,71,41
"2019-12-23 00:00:00",110,149,,184,53,173,,46,48,0,40,0,91,0,91,0,69,49
"2019-12-30 00:00:00",117,197,,201,84,194,,48,55,0,29,0,96,0,96,0,61,44
"2020-01-06 00:00:00",106,192,,183,69,192,,52,46,0,26,0,109,0,109,0,57,41
"2020-01-13 00:00:00",107,178,,175,83,185,,50,57,0,35,0,65,0,65,0,65,39
"2020-01-20 00:00:00",127,204,,178,75,210,,51,48,0,17,0,62,0,62,0,71,36
"2020-01-27 00:00:00",109,188,,161,70,203,,47,48,0,35,0,74,0,74,0,61,30
"2020-02-03 00:00:00",91,195,,161,63,194,,36,48,0,27,0,77,0,77,0,77,36
"2020-02-10 00:00:00",102,186,,160,55,186,,45,47,0,27,0,73,0,73,0,57,34
"2020-02-17 00:00:00",117,169,,170,76,210,,45,46,0,21,0,78,0,78,0,50,37
"2020-02-24 00:00:00",117,181,,185,77,192,,38,41,1,18,0,95,0,95,0,49,51
"2020-03-02 00:00:00",128,193,,176,75,220,,42,48,0,18,0,107,0,107,0,53,42
"2020-03-09 00:00:00",103,160,0,168,61,166,,45,45,0,12,0,74,0,74,0,58,33
"2020-03-16 00:00:00",84,155,0,138,53,164,0,31,41,0,10,0,53,0,53,0,41,39
"2020-03-23 00:00:00",109,190,0,164,57,175,0,45,48,0,3,0,81,0,81,0,41,24
"2020-03-30 00:00:00",110,219,0,181,63,252,0,62,60,0,0,0,103,0,103,0,22,4
"2020-04-06 00:00:00",146,211,0,180,69,234,0,57,67,0,0,0,89,0,89,0,14,2
"2020-04-13 00:00:00",152,196,0,186,81,241,0,53,70,1,0,0,102,0,102,0,14,7
"2020-04-20 00:00:00",143,190,0,167,59,215,3,63,62,0,0,0,74,0,74,0,20,4
"2020-04-27 00:00:00",124,192,0,185,57,180,27,52,49,0,0,0,85,0,85,0,80,1
"2020-05-04 00:00:00",160,194,0,170,76,186,17,52,50,0,0,0,81,0,81,0,73,1
"2020-05-11 00:00:00",103,158,0,104,49,193,27,39,47,0,0,0,100,0,100,0,68,1
"2020-05-18 00:00:00",126,163,0,113,46,157,25,42,37,0,0,0,77,0,77,0,46,3
"2020-05-25 00:00:00",119,188,0,148,52,196,26,46,41,0,0,0,96,0,96,0,39,0
"2020-06-01 00:00:00",124,208,0,182,61,207,47,50,57,0,1,0,90,0,90,0,61,0
"2020-06-08 00:00:00",120,213,0,168,61,207,59,53,86,0,0,0,126,0,126,0,69,0
"2020-06-15 00:00:00",101,190,0,140,50,176,53,41,70,0,0,0,97,0,97,0,57,0
"2020-06-22 00:00:00",112,182,0,189,63,176,59,44,72,0,0,0,88,0,88,0,48,0
"2020-06-29 00:00:00",141,182,0,167,64,191,65,44,86,0,0,0,103,0,103,0,58,0
"2020-07-06 00:00:00",119,173,0,164,68,206,47,43,106,0,0,0,116,0,116,0,57,0
"2020-07-13 00:00:00",108,142,0,159,39,195,46,22,92,0,0,0,95,0,95,0,46,0
"2020-07-20 00:00:00",110,165,0,140,55,187,70,33,102,0,0,0,92,0,92,0,53,0
"2020-07-27 00:00:00",112,128,0,149,62,207,59,35,100,0,0,0,98,0,98,0,58,0
"2020-08-03 00:00:00",112,147,0,161,59,201,60,36,91,0,0,0,121,0,121,0,54,0
"2020-08-10 00:00:00",109,163,0,179,72,183,68,38,83,0,0,0,117,0,117,0,58,0
"2020-08-17 00:00:00",95,161,0,138,58,172,62,35,100,0,0,0,109,0,109,0,67,0
"2020-08-24 00:00:00",90,169,0,138,62,167,65,38,93,0,0,0,90,0,90,0,72,0
"2020-08-31 00:00:00",97,152,0,138,91,191,73,22,96,0,0,0,89,0,89,0,54,0
"2020-09-07 00:00:00",108,173,0,145,81,257,54,28,106,0,0,0,105,0,105,0,50,0
"2020-09-14 00:00:00",104,162,0,173,77,262,51,32,106,0,0,0,99,0,99,0,55,0
"2020-09-21 00:00:00",114,166,0,144,66,215,54,18,113,0,0,0,87,0,87,0,47,0
"2020-09-28 00:00:00",91,152,1,138,57,215,63,29,104,0,0,0,93,0,93,0,52,0
"2020-10-05 00:00:00",88,132,1,161,77,204,62,17,115,0,0,0,107,0,107,0,44,0
"2020-10-12 00:00:00",119,174,0,152,83,215,58,18,88,0,0,0,84,0,84,0,55,1
"2020-10-19 00:00:00",95,126,0,141,75,112,85,27,97,0,0,0,95,0,95,0,82,1
"2020-10-26 00:00:00",80,118,0,107,71,99,63,24,84,0,0,0,67,0,67,0,53,0
"2020-11-02 00:00:00",103,200,3,134,92,102,78,25,112,0,0,0,71,0,71,0,58,0
"2020-11-09 00:00:00",122,206,0,140,87,131,100,24,101,0,0,0,98,0,98,0,61,0
"2020-11-16 00:00:00",107,222,5,160,87,118,131,28,122,0,0,0,101,0,101,0,53,0
"2020-11-23 00:00:00",111,212,5,151,75,89,110,37,98,0,0,0,81,0,81,0,77,0
"2020-11-30 00:00:00",90,184,6,134,83,117,109,35,93,0,0,0,71,0,71,0,55,0
"2020-12-07 00:00:00",104,176,8,143,78,95,117,24,110,0,1,0,70,0,70,0,63,1
"2020-12-14 00:00:00",118,184,6,149,85,99,106,20,109,0,0,0,72,0,72,0,75,0
"2020-12-21 00:00:00",94,196,5,132,70,102,118,26,104,0,0,0,77,0,77,0,64,0
"2020-12-28 00:00:00",99,210,4,140,91,121,131,40,107,0,0,0,98,0,98,0,67,0
"2021-01-04 00:00:00",106,188,3,171,74,121,135,33,119,0,0,0,106,0,106,0,65,0
"2021-01-11 00:00:00",104,160,9,133,87,132,130,37,98,0,0,0,69,0,69,0,76,1
"2021-01-18 00:00:00",93,172,4,161,82,112,114,33,84,0,0,0,67,0,67,0,78,0
"2021-01-25 00:00:00",107,165,9,135,79,120,123,29,104,0,0,0,76,0,76,0,73,0
"2021-02-01 00:00:00",104,173,7,145,75,116,127,42,111,0,0,0,72,0,72,0,94,0
"2021-02-08 00:00:00",103,154,10,157,64,113,127,25,99,0,0,0,92,0,92,0,80,0
"2021-02-15 00:00:00",89,171,7,145,85,112,102,43,88,0,0,0,81,0,81,0,64,1
"2021-02-22 00:00:00",101,167,11,143,69,98,123,32,123,0,0,0,58,0,58,0,76,1
"2021-03-01 00:00:00",95,178,10,146,93,123,116,34,89,0,0,0,75,0,75,0,41,0
"2021-03-08 00:00:00",125,166,19,136,82,135,121,24,98,0,0,0,77,0,77,0,43,0
"2021-03-15 00:00:00",122,165,16,181,81,107,124,33,93,0,0,0,75,0,75,0,46,0
"2021-03-22 00:00:00",133,165,18,175,102,117,133,26,80,0,0,0,68,0,68,0,55,0
"2021-03-29 00:00:00",133,163,25,141,103,125,110,31,76,0,0,0,55,0,55,0,54,0
"2021-04-05 00:00:00",134,170,21,164,90,112,111,32,87,0,0,0,66,0,66,0,58,0
"2021-04-12 00:00:00",121,150,27,118,94,109,100,33,56,0,0,0,57,0,57,0,45,1
"2021-04-19 00:00:00",120,163,21,116,108,89,99,22,63,0,0,0,46,0,53,0,24,12
"2021-04-26 00:00:00",166,166,43,119,85,82,101,23,79,0,0,0,42,0,58,0,36,31
"2021-05-03 00:00:00",220,206,38,151,84,114,124,38,90,0,0,0,59,0,76,0,54,19
"2021-05-10 00:00:00",182,150,35,141,107,101,101,22,85,0,0,0,75,0,85,0,44,21
"2021-05-17 00:00:00",115,126,30,126,84,90,59,29,46,0,0,0,35,0,48,0,38,12
"2021-05-24 00:00:00",122,160,42,114,98,97,75,22,30,0,0,0,45,0,53,0,40,14
"2021-05-31 00:00:00",150,150,36,130,105,123,87,31,42,0,0,0,51,0,65,0,50,39
"2021-06-07 00:00:00",119,110,31,116,105,105,94,34,54,0,0,0,36,0,39,0,23,65
"2021-06-14 00:00:00",153,96,50,100,97,104,76,30,22,0,0,0,13,0,13,0,21,89
"2021-06-21 00:00:00",91,75,53,69,84,56,70,37,19,0,0,0,5,0,5,0,21,79
"2021-06-28 00:00:00",89,75,49,82,91,65,74,29,20,0,1,0,2,0,2,0,20,98
"2021-07-05 00:00:00",133,95,55,87,138,119,100,50,21,0,0,0,2,0,2,0,37,116
"2021-07-12 00:00:00",138,91,81,92,152,103,100,54,28,0,0,0,0,0,0,0,33,125
"2021-07-19 00:00:00",170,115,79,125,115,115,98,51,14,0,0,0,0,0,0,0,27,123
"2021-07-26 00:00:00",184,103,85,123,138,104,129,49,30,0,0,0,0,0,0,0,27,143
"2021-08-02 00:00:00",190,93,84,133,136,93,110,55,38,0,0,0,0,0,0,0,26,134
"2021-08-09 00:00:00",175,123,106,144,131,107,74,51,32,0,0,0,0,0,0,0,31,129
"2021-08-16 00:00:00",204,102,93,139,159,126,60,56,18,0,0,0,0,0,0,0,29,130
"2021-08-23 00:00:00",212,104,93,154,130,102,56,56,37,0,0,0,0,0,0,0,34,122
"2021-08-30 00:00:00",169,106,94,124,135,106,76,43,33,0,0,0,0,0,0,0,27,119
"2021-09-06 00:00:00",165,143,93,145,119,89,73,54,22,0,0,0,0,0,0,0,19,113
"2021-09-13 00:00:00",191,184,90,142,137,103,69,48,25,0,0,0,0,0,0,0,11,67
"2021-09-20 00:00:00",172,172,92,132,141,82,59,61,27,0,0,0,0,0,0,0,6,73
"2021-09-27 00:00:00",208,197,102,147,109,104,74,36,31,0,0,0,0,0,0,0,8,71
"2021-10-04 00:00:00",160,191,107,144,124,82,50,47,29,0,0,0,0,0,0,0,9,78
"2021-10-11 00:00:00",165,132,87,156,133,88,55,46,37,0,0,0,0,0,0,0,8,113
"2021-10-18 00:00:00",170,182,111,133,112,126,52,49,31,0,1,0,0,0,0,0,0,90